Protein,Species,Predicted RI,Predicted RI + cf,Experimental RI,SD,Sequence,pdb file
Lysozyme, G. gallus,0.1963,0.1957,0.197,0.001,MRSLLILVLCFLPLAALGKVFGRCELAAAMKRHGLDNYRGYSLGNWVCAAKFESNFNTQATNRNTDGSTDYGILQINSRWWCNDGRTPGSRNLCNIPCSALLSSDITASVNCAKKIVSDGNGMNAWVAWRNRCKGTDVQAWIRGCRL,4wg1.pdb
yS, H. sapiens,0.1985,0.1985,0.2073,0.0014,GSKTGTKITFYEDKNFQGRRYDCDCDCADFHTYLSRCNSIKVEGGTWAVYERPNFAGYMYILPQGEYPEYQRWMGLNDRLSSCRAVHLPSGGQYKIQIFEKGDFSGQMYETTEDCPSIMEQFHMREIHSCKVLEGVWIFYELPNYRGRQYLLDKKEYRKPIDWGAASPAVQSFRRIVE,2m3t.pdb
By, C. intestinalis ,0.1917,0.1947,0.1985,0.0012,GKIILFEDVEFGGKKLELETSVSDLNVHGFNDIVSSIIVESGTWFVFDDEGFSGPSYKLTPGKYPNPGSWGGNDDELSSVKQQ,2bv2.pdb
yM8b,D. mawsoni ,0.2003,0.205,0.2158,0.0015,GSNTDMNMRGKIIFYEEKNFQGRSYECMNDCSDISSYLSRCQSVRVESGCFMVYDRNNYMGNQYFMRRGEYSDYMSMMGMRENIKSCRMIPMHRGQFRMKIYERENFGGQSHEMMDDCENIQERYRMSDCQSCNVMDGHWLMYEQPNFRGKMMYMRPGEYRSFREMGMSGIKFMSMKRITDSCY,yM8b.pdb
yM8c ,D. mawsoni ,0.2003,0.2043,0.2061,0.0014,GSNTGMNMRGKITFYEEKNFQGRSYECMNDCSDMSSSLSRSQSCRVESGCFMVYDRNNYMGNQYFMKRGEYSDYMSMMGMRDCIKSCRMIPMHRGQFRMKIYEKENFDGQSHDMMEDCDNIMDRYRMNECQSCNVMDGHWLMYEQPQFRGKMMYMRPGEYRNFKDMGMSCQRFMSMRRITDSC,yM8c.pdb
yM8d ,D. mawsoni ,0.1995,0.2035,0.2041,0.0014,GSNTGMNMRGKITFYEEKNFQGRSYELMNDCSDMTSNLSRCQSCRVESGCFMVYDRSNYMGNQCFMKRGEYSDYMSMMGMRDCIKSCRMIPMHRGQYRMKIYEKENFGGQSHELMEDCDNIMDRYRMNECQSCNVMDGHWLMYEQPQFRGKMMYMRPGEYKNFMDMGMSGQRFMSMRRITDSCN,yM8d.pdb
yS1 ,D. mawsoni,0.202,0.213,0.2183,0.0014,GSSKITFYEDRNFQGRSHECDTDCPDMHPHFSRCNSIKVESGCWVLYEKPNYTGYQYVLTRGEYPDYQRWMGFNDTIRSCRTFSYTSEGPYRMRIYERPNFQGQMMEFSEDCESVQENFCSHDIYSCNVMEGYWTLYEQPNYRGRQYFMRPGEYRKFSDWGATCATTGSFRRITEF,yS1.pdb
yS2 ,D. mawsoni ,0.2002,0.214,0.2168,0.0014,GKIAFFEDKNFQGRSHECCTDCPDLRSYFGRCNSVKVESGCWVLYERPNYTGNQYILSSGEYPDHQQWMGFNDSIKSCRSIQNVYGKSWKIRFYENKDFEGQAAECVEDCASVYETFKFQEVHSSVVMDGAWVLYEQPNYCGHQYFLERGEYNNYTDWGATSPAVGSFRMITKF,yS2.pdb
J2, T. cystophora ,0.192,N/A,0.2037,0.0012,,N/A
